??id,??,????,????,?????,???%
605411002,605411002,武汉泽顺跟卖 / 墨西哥,7,7,100.00
652408525,MLM4891694118,,6,6,100.00
601686713,601686713,武汉泽顺跟卖 / 巴西,5,5,100.00
518476783,518476783,武汉泽顺跟卖 / 巴西,5,5,100.00
497230564,497230564,,4,4,100.00
591700130,591700130,武汉泽顺跟卖 / 墨西哥,4,4,100.00
617615635,617615635,武汉泽顺跟卖 / 巴西,4,4,100.00
617869801,617869801,武汉泽顺跟卖 / 墨西哥,4,4,100.00
543605943,543605943,武汉泽顺跟卖 / 巴西,3,3,100.00
500666347,500666347,,3,3,100.00
446650445,446650445-DORADO,,3,3,100.00
502528680,502528680,武汉泽顺跟卖 / 墨西哥,3,3,100.00
603693125,603693125,武汉泽顺跟卖 / 墨西哥,3,3,100.00
371624468,371624468-BLUE/WHITE-HEADCIRCUMFERENCE54-55CM,,3,3,100.00
616624945,616624945,武汉泽顺跟卖 / 墨西哥,3,3,100.00
610490071,610490071,武汉泽顺跟卖 / 巴西,3,3,100.00
591697875,MLM4486333466:Morado_130,,3,3,100.00
344134253,MLM2156862543:Fix,,3,3,100.00
617721427,617721427,武汉泽顺跟卖 / 墨西哥,3,3,100.00
610490511,MLM4610969904:Flowing Sand Purple,,3,3,100.00
546030059,546030059-AZUL,武汉泽顺跟卖 / 墨西哥,3,3,100.00
665223011,665223011-CLARO,武汉泽顺跟卖 / 墨西哥,3,3,100.00
652401602,MLM4891694118,,3,3,100.00
570256129,570256129,武汉泽顺跟卖 / 巴西,2,2,100.00
566963963,MLM4471420396,武汉泽顺跟卖 / 墨西哥,2,2,100.00
530034984,530034984,武汉泽顺跟卖 / 墨西哥,2,2,100.00
572618167,572618167,武汉泽顺跟卖 / 巴西,2,2,100.00
561659826,561659826-MARINEFRAGRANCETABLETS,武汉泽顺跟卖 / 巴西,2,2,100.00
473132150,792554140847-RED,黄羽飞原创,2,2,100.00
561657486,561657486,武汉泽顺跟卖 / 墨西哥,2,2,100.00
584730729,584730729,武汉泽顺跟卖 / 巴西,2,2,100.00
484577168,484577168,,2,2,100.00
519606939,519606939,,2,2,100.00
572617293,MLB5914055466,武汉泽顺跟卖 / 巴西,2,2,100.00
603694724,MLB6010518664,武汉泽顺跟卖 / 巴西,2,2,100.00
601686963,601686963,武汉泽顺跟卖 / 巴西,2,2,100.00
505780157,505780157-NEGRO-140,武汉泽顺跟卖 / 墨西哥,2,2,100.00
581356126,581356126,武汉泽顺跟卖 / 墨西哥,2,2,100.00
610487707,610487707,武汉泽顺跟卖 / 墨西哥,2,2,100.00
620897946,MLB4318645163,,2,2,100.00
561655797,MLB5690995660,武汉泽顺跟卖 / 巴西,2,2,100.00
584728197,584728197,武汉泽顺跟卖 / 墨西哥,2,2,100.00
601686711,601686711,武汉泽顺跟卖 / 巴西,2,2,100.00
549324645,549324645,武汉泽顺跟卖 / 墨西哥,2,2,100.00
623135762,623135762,武汉泽顺跟卖 / 墨西哥,2,2,100.00
546022250,546022250,武汉泽顺跟卖 / 巴西,2,2,100.00
509097105,509097105,,2,2,100.00
646582387,MLM4992567320,,2,2,100.00
652406037,MLM4988500468,武汉泽顺跟卖 / 巴西,2,2,100.00
652408450,MLM5020781420,武汉泽顺跟卖 / 巴西,2,2,100.00
448242058,381251050-Red,圆佑同步,2,2,100.00
623069999,623069999,武汉泽顺跟卖 / 墨西哥,2,2,100.00
665221653,665221653,武汉泽顺跟卖核价 / 百分之130上架,2,2,100.00
623147638,623147638,武汉泽顺跟卖 / 巴西,2,2,100.00
652410229,652410229,武汉泽顺跟卖核价 / 百分之130上架,2,2,100.00
687287697,687287697,武汉泽顺跟卖 / 巴西,2,2,100.00
449649522,449649522,,1,1,100.00
505777675,505777675,圣诞娃娃,1,1,100.00
330372415,330372415-BLACK-NEGRO,,1,1,100.00
484575951,484575951,,1,1,100.00
519605577,519605577,武汉泽顺跟卖 / 巴西,1,1,100.00
517017870,517017870,武汉泽顺跟卖 / 墨西哥,1,1,100.00
484574418,484574418-26196-WHITE-150,,1,1,100.00
344135351,MLM2100784347,,1,1,100.00
448242614,448242614,圆佑同步,1,1,100.00
334344029,620209853091-Fix,黄羽飞原创 / 手机,1,1,100.00
579021106,579021106,武汉泽顺跟卖 / 巴西,1,1,100.00
400767940,MLM2137340157:Fix,,1,1,100.00
561657561,561657561-TRANSPARENTE-HALFFRAME,武汉泽顺跟卖 / 墨西哥,1,1,100.00
374978665,328628751,圆佑同步 / 汽摩配,1,1,100.00
530026736,530026736,武汉泽顺跟卖 / 巴西,1,1,100.00
584728298,MLB4387825071,张泽文原创 / 美客多原创,1,1,100.00
509144675,509144675,武汉泽顺跟卖 / 墨西哥,1,1,100.00
502522903,502522903,武汉泽顺跟卖 / 墨西哥,1,1,100.00
573854015,573854015,,1,1,100.00
436301815,436301815,,1,1,100.00
584730895,584730895,武汉泽顺跟卖 / 墨西哥,1,1,100.00
570252393,570252393,武汉泽顺跟卖 / 巴西,1,1,100.00
512333336,512333336-AZUL-MARINHO-150CM,武汉泽顺跟卖 / 墨西哥,1,1,100.00
561655862,561655862-AZUL,武汉泽顺跟卖 / 墨西哥,1,1,100.00
475660278,475660278,,1,1,100.00
472495269,472495269-1,,1,1,100.00
546025978,546025978,武汉泽顺跟卖 / 巴西,1,1,100.00
502523343,502523343,,1,1,100.00
330358752,330358752,,1,1,100.00
479623676,479623676-BLANCO-GENERIC,,1,1,100.00
542098991,542098991-OCEAN-NEGRO,武汉泽顺跟卖 / 墨西哥,1,1,100.00
337700630,337700630-100DEGREE,,1,1,100.00
517016497,517016497,武汉泽顺跟卖 / 巴西,1,1,100.00
448922114,448922114,,1,1,100.00
351053029,MLB5089494514:Relógios de pulso_Conserto,圆佑同步 / 家纺类,1,1,100.00
517017468,517017468,武汉泽顺跟卖 / 墨西哥,1,1,100.00
512327604,512327604,武汉泽顺跟卖 / 墨西哥,1,1,100.00
299055038,270561909,,1,1,100.00
535355940,535355940,武汉泽顺跟卖 / 巴西,1,1,100.00
591698893,MLB5011539136,武汉泽顺跟卖 / 巴西,1,1,100.00
595158714,MLB4295973095:Vermelho,,1,1,100.00
597986490,MLB4418372931,,1,1,100.00
599427814,599427814,武汉泽顺跟卖 / 墨西哥,1,1,100.00
499426305,499426305-2PCS/SET-130CM,,1,1,100.00
512327103,512327103-AZULOSCURO-XXL,武汉泽顺跟卖 / 墨西哥,1,1,100.00
597986768,MLB6014400670:Azul,,1,1,100.00
543603701,543603701,武汉泽顺跟卖 / 墨西哥,1,1,100.00
603693196,MLB4314568601,武汉泽顺跟卖 / 巴西,1,1,100.00
603589029,MLM2650120951,,1,1,100.00
374938020,374938020,,1,1,100.00
605406868,605406868,武汉泽顺跟卖 / 巴西,1,1,100.00
561669982,561669982,,1,1,100.00
542101315,542101315,武汉泽顺跟卖 / 墨西哥,1,1,100.00
595158813,595158813,武汉泽顺跟卖 / 巴西,1,1,100.00
561662281,561662281,武汉泽顺跟卖 / 巴西,1,1,100.00
512326153,512326153-AZULOSCURO-S,武汉泽顺跟卖 / 墨西哥,1,1,100.00
595159641,595159641,武汉泽顺跟卖 / 墨西哥,1,1,100.00
301128806,301128806-BLUE,,1,1,100.00
502529834,502529834,武汉泽顺跟卖 / 墨西哥,1,1,100.00
591698932,MLB5646024984:Black+Crystal,武汉泽顺跟卖 / 巴西,1,1,100.00
502523374,502523374,,1,1,100.00
602930975,602930975,武汉泽顺跟卖 / 巴西,1,1,100.00
615994545,MLB4223197067,武汉泽顺跟卖核价 / 百分之130上架,1,1,100.00
299244724,270307415,,1,1,100.00
546024402,546024402,武汉泽顺跟卖 / 巴西,1,1,100.00
610492906,MLM2674193747:TM-41,,1,1,100.00
612091318,612091318,,1,1,100.00
613131209,613131209,,1,1,100.00
371587752,371587752,,1,1,100.00
464160312,464160312,,1,1,100.00
382330064,382330064,,1,1,100.00
591701953,591701953,武汉泽顺跟卖 / 墨西哥,1,1,100.00
613877922,866988045954-POPUP,武汉泽顺原创 / 刘德智原创,1,1,100.00
579022508,579022508,武汉泽顺跟卖 / 巴西,1,1,100.00
473572355,MLM3839456240,,1,1,100.00
535352544,535352544,武汉泽顺跟卖 / 巴西,1,1,100.00
616623800,616623800,武汉泽顺跟卖 / 墨西哥,1,1,100.00
506511989,506511989,武汉泽顺跟卖 / 墨西哥,1,1,100.00
605407672,605407672,武汉泽顺跟卖 / 墨西哥,1,1,100.00
591704159,591704159,武汉泽顺跟卖 / 巴西,1,1,100.00
605407003,605407003,武汉泽顺跟卖 / 巴西,1,1,100.00
610490915,610490915,,1,1,100.00
505779421,505779421,武汉泽顺跟卖 / 墨西哥,1,1,100.00
595158791,595158791,武汉泽顺跟卖 / 巴西,1,1,100.00
382358688,382358688,,1,1,100.00
603694091,603694091,武汉泽顺跟卖 / 巴西,1,1,100.00
509144842,509144842,武汉泽顺跟卖 / 墨西哥,1,1,100.00
617785582,617785582,武汉泽顺跟卖 / 墨西哥,1,1,100.00
498189359,498189359,,1,1,100.00
617785710,617785710,武汉泽顺跟卖 / 墨西哥,1,1,100.00
584727750,584727750,武汉泽顺跟卖 / 墨西哥,1,1,100.00
617614317,617614317-ACHILDOFRUNES-RETRACTABLEVERSION,武汉泽顺跟卖 / 巴西,1,1,100.00
617615430,617615430,武汉泽顺跟卖 / 巴西,1,1,100.00
595159049,595159049,武汉泽顺跟卖 / 巴西,1,1,100.00
617614881,617614881,武汉泽顺跟卖 / 巴西,1,1,100.00
515892549,515892549,武汉泽顺跟卖 / 墨西哥,1,1,100.00
616626129,MLM2738678923,武汉泽顺跟卖 / 墨西哥,1,1,100.00
614690533,614690533,武汉泽顺跟卖 / 墨西哥,1,1,100.00
620099871,587993448,武汉泽顺跟卖 / 巴西,1,1,100.00
619285773,MLB6245959440,武汉泽顺跟卖 / 巴西,1,1,100.00
605411818,605411818,武汉泽顺跟卖 / 墨西哥,1,1,100.00
617507276,MLM4354848320,,1,1,100.00
616623986,616623986,武汉泽顺跟卖 / 巴西,1,1,100.00
618266963,614690931,武汉泽顺跟卖 / 墨西哥,1,1,100.00
591704467,591704467,武汉泽顺跟卖 / 巴西,1,1,100.00
621314631,621314631,武汉泽顺跟卖核价 / 百分之130上架,1,1,100.00
617781771,617781771,武汉泽顺跟卖 / 巴西,1,1,100.00
601686920,601686920,武汉泽顺跟卖 / 巴西,1,1,100.00
617785346,617785346,武汉泽顺跟卖 / 巴西,1,1,100.00
378484830,378484830,,1,1,100.00
619286774,619286774,武汉泽顺跟卖 / 巴西,1,1,100.00
509008591,509008591,,1,1,100.00
621313786,MLB4433508737,武汉泽顺跟卖 / 巴西,1,1,100.00
617615153,617615153,武汉泽顺跟卖 / 巴西,1,1,100.00
610490079,610490079,武汉泽顺跟卖 / 巴西,1,1,100.00
448242580,448242580,圆佑同步,1,1,100.00
617785504,617785504,武汉泽顺跟卖 / 墨西哥,1,1,100.00
617869727,617869727,武汉泽顺跟卖 / 墨西哥,1,1,100.00
434453831,MLM2200243865_NEGRO,,1,1,100.00
621313444,621313444,武汉泽顺跟卖 / 巴西,1,1,100.00
617870629,MLM4688867450:Blanco,武汉泽顺跟卖 / 墨西哥,1,1,100.00
610488368,610488368,武汉泽顺跟卖 / 巴西,1,1,100.00
448242041,448242041,圆佑同步,1,1,100.00
623022438,992003879170-STRAYKIDS,,1,1,100.00
613737286,613737286,武汉泽顺跟卖 / 巴西,1,1,100.00
561656023,MLB5928113200,武汉泽顺跟卖 / 巴西,1,1,100.00
619290393,619290393,武汉泽顺跟卖 / 墨西哥,1,1,100.00
566964073,566964073,武汉泽顺跟卖 / 墨西哥,1,1,100.00
509145400,509145400,武汉泽顺跟卖 / 墨西哥,1,1,100.00
605411885,605411885,武汉泽顺跟卖 / 墨西哥,1,1,100.00
614692167,614692167,武汉泽顺跟卖 / 巴西,1,1,100.00
623132417,623132417-CHIQUITAVER.,武汉泽顺跟卖 / 巴西,1,1,100.00
448925889,448925889-RED,圆佑同步,1,1,100.00
610491339,610491339,武汉泽顺跟卖 / 巴西,1,1,100.00
595159294,595159294-RIDICULOUSLYLARGE,武汉泽顺跟卖 / 墨西哥,1,1,100.00
502522624,502522624,,1,1,100.00
605406040,605406040,武汉泽顺跟卖 / 巴西,1,1,100.00
620514194,620514194-911642933184,武汉泽顺原创 / 刘德智原创,1,1,100.00
608121250,608121250,武汉泽顺跟卖 / 巴西,1,1,100.00
579040653,561669727,武汉泽顺跟卖 / 墨西哥,1,1,100.00
623121409,623121409,,1,1,100.00
617784414,MLB4423100955,,1,1,100.00
535357259,535357259,武汉泽顺跟卖 / 巴西,1,1,100.00
614689756,614689756,武汉泽顺跟卖 / 墨西哥,1,1,100.00
613348915,1011749089480-WHITE,武汉泽顺原创 / 刘德智原创,1,1,100.00
584733473,584733473,武汉泽顺跟卖 / 巴西,1,1,100.00
558287526,558287526,武汉泽顺跟卖 / 巴西,1,1,100.00
619286903,619286903,武汉泽顺跟卖 / 巴西,1,1,100.00
542101664,542101664,武汉泽顺跟卖核价 / 百分之130上架,1,1,100.00
542095591,542095591,武汉泽顺跟卖 / 巴西,1,1,100.00
561666043,MLM3790437440,,1,1,100.00
633850718,633850718,精品单选,1,1,100.00
584727718,584727718,武汉泽顺跟卖核价 / 百分之130上架,1,1,100.00
642078671,MLB6440329204,,1,1,100.00
623138363,623138363-BLACKPINKPLUSHIESCUADRO,武汉泽顺跟卖 / 巴西,1,1,100.00
623130993,623130993,,1,1,100.00
603693381,603693381,武汉泽顺跟卖 / 墨西哥,1,1,100.00
570255301,570255301,武汉泽顺跟卖 / 巴西,1,1,100.00
623148098,623148098-BLUE,,1,1,100.00
623033448,568123970,武汉泽顺跟卖 / 巴西,1,1,100.00
613735631,613735631-BRANCO,武汉泽顺跟卖 / 巴西,1,1,100.00
309790547,309790547-GREEN,,1,1,100.00
623138665,623138665,,1,1,100.00
646582444,MLM2780105081,武汉泽顺跟卖 / 巴西,1,1,100.00
616313930,616313930,武汉泽顺跟卖 / 墨西哥,1,1,100.00
646582529,MLM5006795504,,1,1,100.00
617781797,617781797,武汉泽顺跟卖 / 墨西哥,1,1,100.00
584731398,MLM4025074792:Violeta,,1,1,100.00
639523861,639523861,武汉泽顺跟卖 / 巴西,1,1,100.00
623105779,623105779,,1,1,100.00
508988476,508988476,,1,1,100.00
591703007,591703007,,1,1,100.00
616622101,616622101,武汉泽顺跟卖 / 巴西,1,1,100.00
523871274,523871274-DARKGREEN,武汉泽顺跟卖 / 墨西哥,1,1,100.00
623146264,623146264,,1,1,100.00
572618435,572618435,武汉泽顺跟卖 / 巴西,1,1,100.00
639519362,639519362-PINEAPPLE,武汉泽顺跟卖 / 墨西哥,1,1,100.00
623319979,838968150899-CROSS-BORDERMODEL+E-COMMERCEMODEL1200W[571LAMPBEADS],武汉泽顺原创 / 兼职原创,1,1,100.00
617614320,617614320,武汉泽顺跟卖 / 墨西哥,1,1,100.00
619286473,619286473,武汉泽顺跟卖核价 / 百分之130上架,1,1,100.00
623136912,623136912,武汉泽顺跟卖 / 墨西哥,1,1,100.00
623128417,623128417-PRETO,武汉泽顺跟卖 / 巴西,1,1,100.00
382332228,382332228-Red-Matte,圆佑同步 / 灯具,1,1,100.00
639738049,MLB6160382808,,1,1,100.00
535352845,535352845,武汉泽顺跟卖 / 巴西,1,1,100.00
543606413,543606413,武汉泽顺跟卖 / 巴西,1,1,100.00
619286862,619286862,武汉泽顺跟卖 / 墨西哥,1,1,100.00
623128516,623128516,,1,1,100.00
579022397,579022397,武汉泽顺跟卖 / 巴西,1,1,100.00
621314104,621314104-GRAY,武汉泽顺跟卖 / 墨西哥,1,1,100.00
652407964,MLM2786046101,武汉泽顺跟卖核价 / 百分之130上架,1,1,100.00
623129340,623129340,,1,1,100.00
623118695,623118695,武汉泽顺跟卖 / 墨西哥,1,1,100.00
652401430,652401430,武汉泽顺跟卖核价 / 百分之130上架,1,1,100.00
623071844,623071844,,1,1,100.00
639517737,639517737,武汉泽顺跟卖 / 巴西,1,1,100.00
623070315,623070315,武汉泽顺跟卖 / 墨西哥,1,1,100.00
623135743,623135743,武汉泽顺跟卖 / 墨西哥,1,1,100.00
665223269,665223269-PRETO-127/220V,武汉泽顺跟卖 / 墨西哥,1,1,100.00
646580812,646580812,武汉泽顺跟卖 / 墨西哥,1,1,100.00
639523553,639523553-DARKGREEN,武汉泽顺跟卖 / 墨西哥,1,1,100.00
613737404,613737404,武汉泽顺跟卖 / 巴西,1,1,100.00
287983421,287983421-BLACK,,1,1,100.00
623072510,623072510,武汉泽顺跟卖 / 墨西哥,1,1,100.00
515896195,515896195,武汉泽顺跟卖 / 墨西哥,1,1,100.00
595159647,595159647,武汉泽顺跟卖 / 墨西哥,1,1,100.00
623126526,623126526,武汉泽顺跟卖 / 墨西哥,1,1,100.00
584730543,584730543,武汉泽顺跟卖 / 墨西哥,1,1,100.00
605569052,963841470985-POWDERHAMMERTHIRDGENERATIONORDINARY,武汉泽顺原创 / 刘心雨原创,1,1,100.00
591701341,591701341,武汉泽顺跟卖 / 巴西,1,1,100.00
584731102,584731102,武汉泽顺跟卖 / 墨西哥,1,1,100.00
623153440,623153440,圆佑同步,1,1,100.00
623070712,623070712,,1,1,100.00
617870828,617870828,武汉泽顺跟卖 / 墨西哥,1,1,100.00
623123396,623123396,武汉泽顺跟卖 / 巴西,1,1,100.00
523868417,523868417,武汉泽顺跟卖 / 巴西,1,1,100.00
623067887,812880099180-LAKEBLUE,,1,1,100.00
616626141,616626141,武汉泽顺跟卖 / 墨西哥,1,1,100.00
561657885,MLM2528970353,武汉泽顺跟卖 / 墨西哥,1,1,100.00
502524057,502524057,武汉泽顺跟卖 / 墨西哥,1,1,100.00
652404284,652404284,武汉泽顺跟卖核价 / 百分之130上架,1,1,100.00
623633070,623633070-1007588975587,武汉泽顺原创 / 兼职原创,1,1,100.00
561661710,561661710,武汉泽顺跟卖 / 巴西,1,1,100.00
549324324,549324324,,1,1,100.00
694422477,694422477,武汉泽顺跟卖核价 / 百分之130上架,1,1,100.00
652407793,652407793,武汉泽顺跟卖核价 / 百分之130上架,1,1,100.00
497241037,MLM2260423561,,1,1,100.00
687283074,687283074,武汉泽顺跟卖核价 / 百分之130上架,1,1,100.00
698897714,MLB6560216238,武汉泽顺跟卖核价 / 百分之130上架,1,1,100.00
639736300,639736300,武汉泽顺跟卖 / 巴西,1,1,100.00
523871376,523871376,武汉泽顺跟卖 / 墨西哥,1,1,100.00
584730775,584730775,武汉泽顺跟卖核价 / 百分之130上架,1,1,100.00
687286377,687286377,,1,1,100.00
652409253,652409253,张泽文原创 / 美客多原创,1,1,100.00
460998330,460998330-C,,1,1,100.00
694421616,694421616,武汉泽顺跟卖 / 巴西,1,1,100.00
694426112,694426112,武汉泽顺跟卖核价 / 百分之130上架,1,1,100.00
623148089,623148089-BLUE,,1,1,100.00
639738064,639738064,武汉泽顺跟卖核价 / 百分之130上架,1,1,100.00
549323570,549323570,武汉泽顺跟卖 / 墨西哥,1,1,100.00
687282633,687282633,武汉泽顺跟卖核价 / 百分之130上架,1,1,100.00
603694540,603694540,武汉泽顺跟卖 / 巴西,1,1,100.00
694420518,694420518,武汉泽顺跟卖核价 / 百分之130上架,1,1,100.00
350610691,350610691-FIX,,1,1,100.00
370909382,370909382-1,,1,1,100.00
733230363,733230363,武汉泽顺跟卖 / 墨西哥,1,1,100.00
602929336,602929336,武汉泽顺跟卖 / 巴西,1,1,100.00
739690261,739690261,武汉泽顺跟卖 / 巴西,1,1,100.00
694423038,694423038-AMARILLO-80CM-90CM,武汉泽顺跟卖 / 墨西哥,1,1,100.00
591697952,591697952,武汉泽顺跟卖 / 墨西哥,1,1,100.00
687286573,687286573,武汉泽顺跟卖核价 / 百分之150上架,1,1,100.00
731869271,731869271,武汉泽顺跟卖 / 巴西,1,1,100.00
721037373,MLB6708017740_CINZA-ESCURO,武汉泽顺跟卖 / 巴西,1,1,100.00
742666510,742666510,武汉泽顺跟卖 / 墨西哥,1,1,100.00
742685601,MLM2885158219_1_26X11X21 CM,武汉泽顺跟卖 / 墨西哥,1,1,100.00
694422534,694422534,武汉泽顺跟卖核价 / 百分之130上架,1,1,100.00
693241496,MLM2833030025,,16,14,87.50
484577400,484577400,,7,6,85.71
621312160,621312160,武汉泽顺跟卖 / 巴西,6,5,83.33
448242778,MLM3479055206,圆佑同步,5,4,80.00
568123447,MLM4315724162,,5,4,80.00
587993448,587993448,武汉泽顺跟卖 / 巴西,5,4,80.00
371617876,371617876,,12,9,75.00
502523169,502523169,,4,3,75.00
575920560,575920560,武汉泽顺跟卖 / 墨西哥,4,3,75.00
561657048,MLB4319461301,武汉泽顺跟卖 / 巴西,4,3,75.00
477399338,477399338,武汉泽顺跟卖 / 墨西哥,4,3,75.00
616623112,616623112-PRETO/REVERSE,武汉泽顺跟卖 / 巴西,4,3,75.00
616744013,MLM4062433002,,4,3,75.00
561659791,MLM2573882955,武汉泽顺跟卖 / 墨西哥,7,5,71.43
652398643,MLM2064183945,武汉泽顺跟卖核价 / 百分之130上架,7,5,71.43
599467951,599467951,,17,12,70.59
500667488,500667488,,10,7,70.00
434458586,434458586-NEGRO,,6,4,66.67
495229076,495229076,,6,4,66.67
617870435,617870435,武汉泽顺跟卖 / 墨西哥,6,4,66.67
617614145,617614145,武汉泽顺跟卖 / 巴西,6,4,66.67
639523172,639523172,武汉泽顺跟卖 / 墨西哥,6,4,66.67
570256181,570256181,武汉泽顺跟卖 / 巴西,3,2,66.67
502524196,502524196-COMPLETE,武汉泽顺跟卖 / 墨西哥,3,2,66.67
581357758,581357758,武汉泽顺跟卖 / 墨西哥,3,2,66.67
523871358,523871358,武汉泽顺跟卖 / 墨西哥,3,2,66.67
295099825,295099825-RED-INT:M,,3,2,66.67
484578152,484578152,,3,2,66.67
591698345,591698345,武汉泽顺跟卖 / 墨西哥,3,2,66.67
561660869,561660869,武汉泽顺跟卖 / 巴西,3,2,66.67
591698175,591698175,武汉泽顺跟卖 / 墨西哥,3,2,66.67
500667388,500667388,,3,2,66.67
603589319,MLM2702111565,,3,2,66.67
581351834,581351834,武汉泽顺跟卖 / 墨西哥,3,2,66.67
472738197,472738197,,3,2,66.67
570252633,570252633,武汉泽顺跟卖 / 墨西哥,3,2,66.67
485490855,485490855,,3,2,66.67
378370066,378370066,,3,2,66.67
610490605,610490605,武汉泽顺跟卖 / 巴西,3,2,66.67
610737274,610737274-991982121993,武汉泽顺原创 / 刘德智原创,3,2,66.67
523868569,523868569,武汉泽顺跟卖 / 巴西,3,2,66.67
617870428,617870428,武汉泽顺跟卖 / 墨西哥,3,2,66.67
616524756,616524756,武汉泽顺跟卖 / 巴西,3,2,66.67
546030496,546030496,武汉泽顺跟卖 / 巴西,3,2,66.67
617870563,617870563-110V,武汉泽顺跟卖 / 墨西哥,3,2,66.67
617615260,617615260,武汉泽顺跟卖 / 墨西哥,3,2,66.67
462271515,462271515,,3,2,66.67
623150172,623150172,,3,2,66.67
602930399,602930399,武汉泽顺跟卖 / 巴西,3,2,66.67
623135754,623135754,武汉泽顺跟卖 / 墨西哥,3,2,66.67
623126860,623126860,武汉泽顺跟卖 / 墨西哥,3,2,66.67
530033142,530033142,,16,10,62.50
584725912,MLB4356026713,武汉泽顺跟卖 / 巴西,8,5,62.50
601686900,601686900,武汉泽顺跟卖 / 巴西,8,5,62.50
660698838,660698838,武汉泽顺跟卖核价 / 百分之130上架,8,5,62.50
597987383,MLB4401168099,武汉泽顺跟卖 / 巴西,13,8,61.54
599427857,599427857,武汉泽顺跟卖 / 墨西哥,10,6,60.00
462270227,462270227,,5,3,60.00
581352817,581352817,武汉泽顺跟卖 / 墨西哥,5,3,60.00
570253034,MLB4105266035,自动化核重核价（程序执行中不要上品） / 二区,5,3,60.00
535354367,535354367,,5,3,60.00
613737573,613737573-WARMLIGHT,武汉泽顺跟卖 / 巴西,5,3,60.00
646582287,MLM4733201006,,5,3,60.00
639522785,639522785,武汉泽顺跟卖 / 巴西,5,3,60.00
685908645,MLM2842429999,武汉泽顺跟卖核价 / 百分之130上架,5,3,60.00
371621778,371621778,,7,4,57.14
610494336,610494336,武汉泽顺跟卖 / 巴西,7,4,57.14
617869854,617869854,武汉泽顺跟卖 / 墨西哥,7,4,57.14
584728481,584728481,武汉泽顺跟卖 / 墨西哥,30,17,56.67
584727338,584727338,武汉泽顺跟卖 / 墨西哥,11,6,54.55
591708183,MLB5972915758,,11,6,54.55
508906109,508906109,,14,7,50.00
617870313,617870313,武汉泽顺跟卖 / 墨西哥,10,5,50.00
610487599,610487599,武汉泽顺跟卖 / 墨西哥,8,4,50.00
518477732,518477732,圣诞娃娃,6,3,50.00
462270394,462270394,,6,3,50.00
465917794,MLM3728697246_NEGRO,,6,3,50.00
449658009,449658009,圆佑同步,6,3,50.00
573636380,573636380,武汉泽顺跟卖 / 巴西,6,3,50.00
472826656,472826656,,6,3,50.00
652407509,MLM4966754242,武汉泽顺跟卖核价 / 百分之130上架,6,3,50.00
502529587,502529587,,4,2,50.00
549322385,549322385,武汉泽顺跟卖 / 墨西哥,4,2,50.00
570252099,570252099,武汉泽顺跟卖 / 墨西哥,4,2,50.00
575843224,575843224-NEGRO,,4,2,50.00
518479389,518479389,,4,2,50.00
535354824,535354824,武汉泽顺跟卖 / 墨西哥,4,2,50.00
452579213,452579213,,4,2,50.00
509138625,509138625,武汉泽顺跟卖 / 墨西哥,4,2,50.00
592923360,592923360,武汉泽顺跟卖 / 墨西哥,4,2,50.00
591700445,591700445,武汉泽顺跟卖 / 巴西,4,2,50.00
617364428,MLM2079767356_6PC,汪太和原创,4,2,50.00
617785154,MLB4435065101,武汉泽顺跟卖 / 巴西,4,2,50.00
617870564,617870564,武汉泽顺跟卖 / 墨西哥,4,2,50.00
617615020,617615020,武汉泽顺跟卖 / 巴西,4,2,50.00
579023342,579023342,武汉泽顺跟卖 / 巴西,4,2,50.00
621309593,621309593,武汉泽顺跟卖 / 墨西哥,4,2,50.00
619286478,619286478,武汉泽顺跟卖 / 巴西,4,2,50.00
618155399,618155399,武汉泽顺跟卖 / 墨西哥,4,2,50.00
623069320,623069320-NEGRO,,4,2,50.00
665223563,665223563,武汉泽顺跟卖核价 / 百分之130上架,4,2,50.00
660698742,660698742,武汉泽顺跟卖核价 / 百分之130上架,4,2,50.00
723357682,723357682,自动化核重核价（程序执行中不要上品） / 程序已执行,4,2,50.00
448242660,448242660,圆佑同步,2,1,50.00
535356273,535356273,武汉泽顺跟卖 / 巴西,2,1,50.00
566963547,566963547,武汉泽顺跟卖 / 墨西哥,2,1,50.00
535357092,535357092,武汉泽顺跟卖 / 巴西,2,1,50.00
519605898,519605898,武汉泽顺跟卖 / 巴西,2,1,50.00
515892194,515892194-SUBSTANCE,武汉泽顺跟卖 / 墨西哥,2,1,50.00
578473116,578473116,武汉泽顺跟卖 / 墨西哥,2,1,50.00
572617176,MLB5927996856,武汉泽顺跟卖 / 巴西,2,1,50.00
535354438,535354438,武汉泽顺跟卖 / 墨西哥,2,1,50.00
508972232,508972232,,2,1,50.00
451745453,MLM2578896442,,2,1,50.00
312977413,312977413,,2,1,50.00
581358154,581358154,武汉泽顺跟卖 / 墨西哥,2,1,50.00
515891955,515891955-VERSIÓN4,武汉泽顺跟卖 / 墨西哥,2,1,50.00
512326058,512326058-NEGRO-CHICA,武汉泽顺跟卖 / 墨西哥,2,1,50.00
498189544,498189544,,2,1,50.00
415058842,MLM2323882925_NEGRO_AJUSTABLE,,2,1,50.00
581356558,581356558-WHITE,武汉泽顺跟卖 / 墨西哥,2,1,50.00
473567170,MLM2391989317,,2,1,50.00
573853919,573853919,,2,1,50.00
558288738,558288738,,2,1,50.00
584724896,MLB6089135334,武汉泽顺跟卖 / 巴西,2,1,50.00
494771655,494771655,,2,1,50.00
561660038,MLM4418825616,,2,1,50.00
509142417,509142417,武汉泽顺跟卖 / 墨西哥,2,1,50.00
561665318,561665318,武汉泽顺跟卖 / 巴西,2,1,50.00
335384259,335384259-1-XL,,2,1,50.00
581352883,581352883,武汉泽顺跟卖 / 墨西哥,2,1,50.00
519605813,519605813,武汉泽顺跟卖 / 巴西,2,1,50.00
584731123,584731123,武汉泽顺跟卖 / 墨西哥,2,1,50.00
570254078,570254078,武汉泽顺跟卖 / 墨西哥,2,1,50.00
584730673,584730673,武汉泽顺跟卖 / 墨西哥,2,1,50.00
579912397,579912397-ZENVERSION,武汉泽顺跟卖 / 墨西哥,2,1,50.00
579023726,579023726-20X20″2PCS__20x20″ 2PCS,武汉泽顺跟卖 / 巴西,2,1,50.00
512326791,512326791-BLACK-L,武汉泽顺跟卖 / 墨西哥,2,1,50.00
570254310,570254310,武汉泽顺跟卖 / 墨西哥,2,1,50.00
502526898,502526898-LARANJA-PARA17PRO,,2,1,50.00
591701853,591701853,武汉泽顺跟卖 / 巴西,2,1,50.00
400765489,400765489,,2,1,50.00
478748312,478748312,,2,1,50.00
357484602,357484602-AUDÍFONOSPRETO,,2,1,50.00
584726318,584726318,武汉泽顺跟卖 / 巴西,2,1,50.00
400765035,400765035,,2,1,50.00
475659419,475659419,,2,1,50.00
561661345,MLB5965127914,武汉泽顺跟卖 / 巴西,2,1,50.00
485481592,485481592,,2,1,50.00
371587270,371587270,,2,1,50.00
561662140,MLB4211192401,武汉泽顺跟卖 / 巴西,2,1,50.00
601668108,MLB6186079046,,2,1,50.00
605411277,605411277-ROSA,武汉泽顺跟卖 / 墨西哥,2,1,50.00
451745955,451745955-AZULOSCURO,,2,1,50.00
464160348,464160348,,2,1,50.00
542099880,542099880,武汉泽顺跟卖 / 墨西哥,2,1,50.00
579020989,579020989,武汉泽顺跟卖 / 巴西,2,1,50.00
296066234,296066234,,2,1,50.00
603693578,603693578,武汉泽顺跟卖 / 巴西,2,1,50.00
610488102,610488102,武汉泽顺跟卖 / 巴西,2,1,50.00
599427861,599427861,武汉泽顺跟卖 / 墨西哥,2,1,50.00
535357447,535357447,武汉泽顺跟卖 / 墨西哥,2,1,50.00
591702971,MLB5808449500,,2,1,50.00
502524153,502524153,武汉泽顺跟卖 / 墨西哥,2,1,50.00
610487636,MLM4728753352,,2,1,50.00
466508254,466508254,,2,1,50.00
584731401,584731401,武汉泽顺跟卖 / 墨西哥,2,1,50.00
610488589,610488589,武汉泽顺跟卖 / 墨西哥,2,1,50.00
354129334,280677680-VIOLET,圆佑同步 / 数码配件 / 手机壳,2,1,50.00
613735347,613735347,武汉泽顺跟卖 / 巴西,2,1,50.00
599428413,599428413,武汉泽顺跟卖 / 墨西哥,2,1,50.00
597987482,597987482,武汉泽顺跟卖 / 巴西,2,1,50.00
497238214,497238214-12MINICARS,,2,1,50.00
579022646,579022646,武汉泽顺跟卖 / 巴西,2,1,50.00
599429322,599429322-NEGRO,武汉泽顺跟卖 / 墨西哥,2,1,50.00
543605686,543605686,武汉泽顺跟卖 / 墨西哥,2,1,50.00
489155306,489155306-BLANCO-BLANCO,,2,1,50.00
607017970,607017970,武汉泽顺跟卖 / 巴西,2,1,50.00
618414726,MLM2728016653,,2,1,50.00
603694696,603694696,武汉泽顺跟卖 / 巴西,2,1,50.00
485481916,485481916,体积重超重,2,1,50.00
602734098,602734098,武汉泽顺跟卖 / 墨西哥,2,1,50.00
610489849,610489849,武汉泽顺跟卖 / 巴西,2,1,50.00
612135722,612135722,武汉泽顺跟卖 / 巴西,2,1,50.00
602740982,602740982,,2,1,50.00
584729949,584729949,武汉泽顺跟卖 / 墨西哥,2,1,50.00
588866666,588866666,武汉泽顺跟卖 / 巴西,2,1,50.00
579022595,579022595,武汉泽顺跟卖 / 巴西,2,1,50.00
590339460,590339460,武汉泽顺跟卖 / 巴西,2,1,50.00
450145550,450145550,,2,1,50.00
581357621,581357621,武汉泽顺跟卖 / 墨西哥,2,1,50.00
623069240,964610832570-LOLLIPOPIINON-BLUETOOTH,,2,1,50.00
623154798,623154798,,2,1,50.00
595159391,595159391,武汉泽顺跟卖 / 墨西哥,2,1,50.00
602930151,MLM2308520393,武汉泽顺跟卖 / 巴西,2,1,50.00
614687992,614687992,武汉泽顺跟卖 / 墨西哥,2,1,50.00
614691689,614691689,武汉泽顺跟卖 / 巴西,2,1,50.00
523870930,523870930-LIGHTCORAL,武汉泽顺跟卖 / 墨西哥,2,1,50.00
605408995,605408995,武汉泽顺跟卖 / 巴西,2,1,50.00
623148313,623148313,武汉泽顺跟卖 / 巴西,2,1,50.00
581356920,581356920,武汉泽顺跟卖 / 墨西哥,2,1,50.00
595159426,595159426,武汉泽顺跟卖 / 墨西哥,2,1,50.00
617870560,617870560-110V,武汉泽顺跟卖 / 墨西哥,2,1,50.00
617614334,617614334,武汉泽顺跟卖 / 巴西,2,1,50.00
543603728,543603728,武汉泽顺跟卖 / 巴西,2,1,50.00
617784895,617784895,武汉泽顺跟卖 / 墨西哥,2,1,50.00
652398844,652398844,武汉泽顺跟卖核价 / 百分之130上架,2,1,50.00
623076229,623076229,武汉泽顺跟卖 / 巴西,2,1,50.00
617615453,617615453,武汉泽顺跟卖 / 巴西,2,1,50.00
623154343,623154343,武汉泽顺跟卖 / 墨西哥,2,1,50.00
616624016,616624016,武汉泽顺跟卖 / 墨西哥,2,1,50.00
572618127,572618127-HANVER.,武汉泽顺跟卖 / 巴西,2,1,50.00
623070002,623070002,武汉泽顺跟卖 / 墨西哥,2,1,50.00
646583418,646583418,武汉泽顺跟卖 / 巴西,2,1,50.00
623071784,623071784,武汉泽顺跟卖 / 巴西,2,1,50.00
619286566,MLB4441945165,武汉泽顺跟卖 / 巴西,2,1,50.00
665222920,665222920,武汉泽顺跟卖 / 墨西哥,2,1,50.00
665223449,665223449,武汉泽顺跟卖 / 墨西哥,2,1,50.00
672916437,672916437,武汉泽顺跟卖 / 墨西哥,2,1,50.00
613734653,613734653,武汉泽顺跟卖 / 巴西,2,1,50.00
646580868,646580868,武汉泽顺跟卖核价 / 百分之130上架,2,1,50.00
676477509,MLB6508274998,,2,1,50.00
623153691,623153691,,2,1,50.00
601687020,601687020-AZUL,武汉泽顺跟卖 / 墨西哥,2,1,50.00
623146347,623146347-2PCS/SET-120CM,,2,1,50.00
623154886,623154886,武汉泽顺跟卖 / 巴西,2,1,50.00
623062588,623062588,武汉泽顺跟卖 / 墨西哥,2,1,50.00
617615559,617615559,武汉泽顺跟卖 / 巴西,2,1,50.00
371599562,371599562,,2,1,50.00
616623611,616623611-PRETO-ADJUSTABLE55-60CM,武汉泽顺跟卖 / 巴西,2,1,50.00
509137514,509137514,武汉泽顺跟卖 / 墨西哥,2,1,50.00
665225038,665225038,,2,1,50.00
607959986,607959986,武汉泽顺原创 / 刘心雨原创,2,1,50.00
687282047,MLB4299982471,武汉泽顺跟卖核价 / 百分之150上架,2,1,50.00
623147875,623147875,,2,1,50.00
623119887,623119887-BLANCO,,2,1,50.00
623150163,623150163,,2,1,50.00
623074081,623074081,,2,1,50.00
665223457,665223457,武汉泽顺跟卖 / 墨西哥,2,1,50.00
498189688,498189688,,2,1,50.00
639519633,639519633,武汉泽顺跟卖 / 巴西,2,1,50.00
687286837,687286837-2CAMS-HB6550,武汉泽顺跟卖核价 / 百分之130上架,2,1,50.00
652402668,652402668,武汉泽顺跟卖核价 / 百分之130上架,2,1,50.00
687287788,687287788,武汉泽顺跟卖核价 / 百分之130上架,2,1,50.00
707972315,MLM2732431489,武汉泽顺跟卖核价 / 百分之150上架,2,1,50.00
694420631,MLM5082717534,武汉泽顺跟卖 / 墨西哥,2,1,50.00
572617054,572617054,武汉泽顺跟卖 / 巴西,2,1,50.00
694422475,MLB6392094834,,2,1,50.00
652410417,652410417,武汉泽顺跟卖核价 / 百分之130上架,2,1,50.00
623148893,623148893-KHAKI+BROWN,,2,1,50.00
694426073,MLB6503986896,武汉泽顺跟卖核价 / 百分之130上架,2,1,50.00
498188933,498188933,,2,1,50.00
602927116,602927116,武汉泽顺跟卖 / 巴西,2,1,50.00
616625145,616625145,武汉泽顺跟卖 / 墨西哥,2,1,50.00
747734867,747734867,武汉泽顺跟卖 / 墨西哥,2,1,50.00
745550109,745550109,武汉泽顺跟卖 / 墨西哥,2,1,50.00
730982450,730982450,武汉泽顺跟卖 / 墨西哥,2,1,50.00
568123991,568123991,武汉泽顺跟卖 / 巴西,17,8,47.06
568123758,568123758,武汉泽顺跟卖 / 巴西,13,6,46.15
591699644,MLM4321414718,武汉泽顺跟卖 / 墨西哥,33,15,45.45
371562652,371562652,,11,5,45.45
605412087,MLM2691700159,武汉泽顺跟卖 / 墨西哥,11,5,45.45
484575683,484575683,,9,4,44.44
605406005,MLB4431922363,武汉泽顺跟卖 / 巴西,9,4,44.44
665223279,665223279,武汉泽顺跟卖核价 / 百分之130上架,9,4,44.44
599344495,599344495,,23,10,43.48
584728168,584728168,武汉泽顺跟卖 / 墨西哥,21,9,42.86
577127191,577127191-ZENVERSION,武汉泽顺跟卖 / 巴西,7,3,42.86
546029546,546029546-ORANGE+KHAKI,,7,3,42.86
579023727,579023727,武汉泽顺跟卖 / 巴西,7,3,42.86
617870275,617870275,武汉泽顺跟卖 / 墨西哥,7,3,42.86
617870645,MLM2688032757,武汉泽顺跟卖 / 墨西哥,7,3,42.86
621308157,MLB6194259148:UN_Negro,,7,3,42.86
665221792,665221792,武汉泽顺跟卖核价 / 百分之150上架,7,3,42.86
652408373,652408373,,12,5,41.67
509107075,509107075,,10,4,40.00
623074574,623074574-PRETO,,10,4,40.00
665221677,MLM5061420198,武汉泽顺跟卖 / 墨西哥,10,4,40.00
451745075,MLM3815065922:style C,,5,2,40.00
466532187,466532187,,5,2,40.00
500666629,500666629,,5,2,40.00
584729891,584729891,武汉泽顺跟卖 / 墨西哥,5,2,40.00
595903044,595903044,武汉泽顺跟卖 / 巴西,5,2,40.00
603552680,603552680,,5,2,40.00
570254201,570254201,武汉泽顺跟卖 / 巴西,5,2,40.00
614689138,MLM4550828504,,5,2,40.00
530026915,530026915,武汉泽顺跟卖 / 巴西,5,2,40.00
621308169,MLB6169371390:A_Black Hat,武汉泽顺跟卖 / 巴西,5,2,40.00
617870320,617870320,武汉泽顺跟卖 / 墨西哥,5,2,40.00
617870650,617870650-110V,武汉泽顺跟卖 / 墨西哥,5,2,40.00
623106694,623106694,,5,2,40.00
665221560,665221560,武汉泽顺跟卖核价 / 百分之130上架,5,2,40.00
617615508,617615508,武汉泽顺跟卖 / 巴西,5,2,40.00
561660402,MLB5849692404,武汉泽顺跟卖 / 巴西,5,2,40.00
665221725,665221725,武汉泽顺跟卖 / 墨西哥,5,2,40.00
614690931,MLM2727982241,武汉泽顺跟卖 / 墨西哥,44,17,38.64
599427753,599427753,武汉泽顺跟卖 / 墨西哥,13,5,38.46
617870638,617870638,自动化核重核价（程序执行中不要上品） / 五区,13,5,38.46
605408727,605408727,武汉泽顺跟卖 / 墨西哥,16,6,37.50
472805738,472805738,,8,3,37.50
561661935,561661935,武汉泽顺跟卖 / 巴西,8,3,37.50
505780878,505780878,武汉泽顺跟卖 / 墨西哥,8,3,37.50
584725329,584725329,武汉泽顺跟卖 / 巴西,8,3,37.50
579023584,579023584,武汉泽顺跟卖 / 巴西,8,3,37.50
591700150,591700150,武汉泽顺跟卖 / 巴西,8,3,37.50
665223483,665223483,武汉泽顺跟卖核价 / 百分之130上架,8,3,37.50
605407837,605407837,武汉泽顺跟卖 / 墨西哥,19,7,36.84
484577472,484577472,,11,4,36.36
509139648,509139648,武汉泽顺跟卖 / 墨西哥,11,4,36.36
616625905,616625905,武汉泽顺跟卖 / 墨西哥,11,4,36.36
639518670,639518670,武汉泽顺跟卖 / 墨西哥,11,4,36.36
570252681,570252681,武汉泽顺跟卖 / 墨西哥,17,6,35.29
602931845,602931845,武汉泽顺跟卖 / 巴西,26,9,34.62
599836847,599836847-SUPEREU,武汉泽顺跟卖 / 巴西,41,14,34.15
484576299,484576299,,24,8,33.33
615137920,615137920,武汉泽顺跟卖 / 巴西,21,7,33.33
449649162,449649162,,18,6,33.33
485481576,485481576,,15,5,33.33
605409857,605409857,武汉泽顺跟卖 / 墨西哥,15,5,33.33
543605760,543605760,武汉泽顺跟卖 / 墨西哥,12,4,33.33
599427491,599427491,武汉泽顺跟卖 / 墨西哥,12,4,33.33
603693556,603693556,武汉泽顺跟卖 / 巴西,12,4,33.33
579023182,579023182-VIOLETA,武汉泽顺跟卖 / 墨西哥,12,4,33.33
549323902,549323902,武汉泽顺跟卖 / 墨西哥,9,3,33.33
523871370,523871370-RED,武汉泽顺跟卖 / 墨西哥,9,3,33.33
602931424,602931424,武汉泽顺跟卖 / 巴西,9,3,33.33
566964201,566964201,武汉泽顺跟卖 / 墨西哥,6,2,33.33
561665451,561665451-NEGRO,武汉泽顺跟卖 / 墨西哥,6,2,33.33
509130316,509130316,武汉泽顺跟卖 / 巴西,6,2,33.33
337695570,337695570-ANTIBLUE300,,6,2,33.33
591698954,MLB4335061647,武汉泽顺跟卖 / 巴西,6,2,33.33
591701266,591701266,武汉泽顺跟卖 / 墨西哥,6,2,33.33
610486693,MLB4318645163,,6,2,33.33
617614358,617614358,武汉泽顺跟卖 / 墨西哥,6,2,33.33
498188870,498188870,,6,2,33.33
623134337,623134337,武汉泽顺跟卖 / 巴西,6,2,33.33
518479619,518479619,,3,1,33.33
452578896,452578896-WHITEWITHWARMLIGHT,,3,1,33.33
495229175,MLM3512378340,,3,1,33.33
479621345,479621345,,3,1,33.33
448242147,448242147-DARKGREEN,圆佑同步,3,1,33.33
485485277,485485277,,3,1,33.33
561660141,561660141,武汉泽顺跟卖 / 巴西,3,1,33.33
299454307,260023770-R,,3,1,33.33
485489776,485489776-3-PIECEKPOPBLACK-9-10YEARS/140,,3,1,33.33
400763881,400763881-PRETO,,3,1,33.33
573853969,573853969,,3,1,33.33
584726786,MLB6060963658,张泽文原创 / 美客多原创,3,1,33.33
584725322,MLB6091454536,武汉泽顺跟卖 / 巴西,3,1,33.33
584725367,584725367,武汉泽顺跟卖 / 巴西,3,1,33.33
523869341,523869341,武汉泽顺跟卖 / 巴西,3,1,33.33
449647657,449647657,,3,1,33.33
464158020,464158020-B,,3,1,33.33
546032074,546032074,武汉泽顺跟卖 / 巴西,3,1,33.33
512327430,512327430,武汉泽顺跟卖 / 墨西哥,3,1,33.33
570252881,570252881,武汉泽顺跟卖 / 巴西,3,1,33.33
584730578,584730578,武汉泽顺跟卖 / 墨西哥,3,1,33.33
584733414,584733414,武汉泽顺跟卖 / 巴西,3,1,33.33
472493997,472493997,,3,1,33.33
597987866,MLB6100818602,张泽文原创 / 美客多原创,3,1,33.33
477693057,861953360543-USSTANDARDUS[NOTSUPPORTEDFORDOMESTICUSE]-BLUE,黄羽飞原创,3,1,33.33
575223891,575223891-MARRÓN,,3,1,33.33
448242553,448242553,圆佑同步,3,1,33.33
591703315,591703315-BLACK,武汉泽顺跟卖 / 墨西哥,3,1,33.33
579021150,579021150-ROSA,武汉泽顺跟卖 / 巴西,3,1,33.33
603693877,603693877,武汉泽顺跟卖 / 巴西,3,1,33.33
609773897,MLM2707591949,,3,1,33.33
601686542,601686542,武汉泽顺跟卖 / 巴西,3,1,33.33
612559537,584731230,武汉泽顺跟卖 / 巴西,3,1,33.33
371617966,371617966,,3,1,33.33
413849059,413849059,,3,1,33.33
542097153,542097153,武汉泽顺跟卖 / 墨西哥,3,1,33.33
542099387,542099387,武汉泽顺跟卖 / 墨西哥,3,1,33.33
615137901,615137901,武汉泽顺跟卖 / 墨西哥,3,1,33.33
614690214,MLM2701969145,,3,1,33.33
616624743,616624743,武汉泽顺跟卖 / 墨西哥,3,1,33.33
530037009,530037009-ROSAOSCURO,武汉泽顺跟卖 / 墨西哥,3,1,33.33
618018812,MLM4775061948,,3,1,33.33
617870308,617870308,武汉泽顺跟卖 / 墨西哥,3,1,33.33
409840113,409840113,,3,1,33.33
617870754,MLM2663580937,武汉泽顺跟卖 / 墨西哥,3,1,33.33
535351240,535351240-CH-9137ROJO,武汉泽顺跟卖 / 墨西哥,3,1,33.33
605408625,605408625,武汉泽顺跟卖 / 巴西,3,1,33.33
616626099,616626099,武汉泽顺跟卖 / 墨西哥,3,1,33.33
617870244,617870244,武汉泽顺跟卖 / 墨西哥,3,1,33.33
617614629,617614629,武汉泽顺跟卖 / 墨西哥,3,1,33.33
617784764,617784764,武汉泽顺跟卖 / 墨西哥,3,1,33.33
605567495,963041150891-GLOBESECONDGENERATION,武汉泽顺原创 / 刘心雨原创,3,1,33.33
605406315,605406315,武汉泽顺跟卖 / 墨西哥,3,1,33.33
617614269,617614269,武汉泽顺跟卖核价 / 百分之130上架,3,1,33.33
617784336,617784336-TARTARUGA,武汉泽顺跟卖 / 巴西,3,1,33.33
603694422,603694422,武汉泽顺跟卖 / 巴西,3,1,33.33
371625674,371625674,,3,1,33.33
601686961,601686961-NEGRO,武汉泽顺跟卖 / 墨西哥,3,1,33.33
621308269,621308269,武汉泽顺跟卖 / 巴西,3,1,33.33
584727484,584727484,自动化核重核价（程序执行中不要上品） / 四区,3,1,33.33
619286651,619286651,武汉泽顺跟卖 / 巴西,3,1,33.33
579022657,579022657,武汉泽顺跟卖 / 巴西,3,1,33.33
618155090,618155090,,3,1,33.33
464160299,464160299,,3,1,33.33
619095329,619095329,武汉泽顺跟卖 / 巴西,3,1,33.33
617615166,617615166,武汉泽顺跟卖 / 巴西,3,1,33.33
479623185,479623185-VERDE-863.5CM,,3,1,33.33
616626016,616626016,武汉泽顺跟卖 / 墨西哥,3,1,33.33
614688741,614688741,武汉泽顺跟卖 / 墨西哥,3,1,33.33
617784329,MLM2723782887,,3,1,33.33
605567034,964610832570-LOLLIPOPIINON-BLUETOOTH,武汉泽顺原创 / 刘心雨原创,3,1,33.33
639518778,639518778,武汉泽顺跟卖 / 墨西哥,3,1,33.33
617870607,617870607-LÁMPARAS220V,武汉泽顺跟卖 / 墨西哥,3,1,33.33
350862827,350862827-ROJO,,3,1,33.33
599428229,599428229,武汉泽顺跟卖 / 墨西哥,3,1,33.33
591701404,591701404-DARKGREEN,武汉泽顺跟卖 / 墨西哥,3,1,33.33
639724262,639724262,武汉泽顺跟卖 / 巴西,3,1,33.33
623106723,623106723,,3,1,33.33
652410919,MLB6081319586,武汉泽顺跟卖核价 / 百分之130上架,3,1,33.33
646582400,MLM5008854534,武汉泽顺跟卖核价 / 百分之130上架,3,1,33.33
660697684,660697684,武汉泽顺跟卖 / 墨西哥,3,1,33.33
581355790,581355790,武汉泽顺跟卖 / 墨西哥,3,1,33.33
660699377,660699377,武汉泽顺跟卖 / 墨西哥,3,1,33.33
623147870,623147870,,3,1,33.33
665223283,665223283,武汉泽顺跟卖核价 / 百分之130上架,3,1,33.33
652398578,652398578-ROSA,武汉泽顺跟卖 / 巴西,3,1,33.33
660698969,660698969,武汉泽顺跟卖 / 巴西,3,1,33.33
623151892,623151892,,3,1,33.33
660699716,660699716,武汉泽顺跟卖 / 墨西哥,3,1,33.33
617870651,617870651-LÁMPARAS220V,武汉泽顺跟卖 / 墨西哥,3,1,33.33
639517371,639517371,武汉泽顺跟卖 / 巴西,3,1,33.33
652402816,MLM5020740038,武汉泽顺跟卖 / 墨西哥,3,1,33.33
665220803,665220803,武汉泽顺跟卖核价 / 百分之130上架,3,1,33.33
515891514,515891514,自动化核重核价（程序执行中不要上品） / 二区,3,1,33.33
679427191,679427191-ORANGE12PC,武汉泽顺跟卖核价 / 百分之130上架,3,1,33.33
687287248,MLM5095189750,武汉泽顺跟卖 / 墨西哥,3,1,33.33
591700929,591700929,武汉泽顺跟卖 / 墨西哥,3,1,33.33
603693278,603693278,武汉泽顺跟卖 / 巴西,3,1,33.33
713465091,713465091,武汉泽顺跟卖 / 墨西哥,3,1,33.33
694425982,694425982,武汉泽顺跟卖核价 / 百分之130上架,3,1,33.33
623115157,623115157,武汉泽顺跟卖 / 墨西哥,3,1,33.33
397329923,397329923,,3,1,33.33
694422076,694422076,武汉泽顺跟卖 / 巴西,3,1,33.33
610490456,MLB6171208598,自动化核重核价（程序执行中不要上品） / 二区,40,13,32.50
614688542,MLM4645881586,,34,11,32.35
485481684,485481684-WOODGRAIN-WHITELINE,体积重超重,59,19,32.20
584724903,MLB6111402972,,25,8,32.00
512333120,512333120,武汉泽顺跟卖 / 墨西哥,26,8,30.77
485481404,485481404,,13,4,30.77
582721189,582721189,自动化核重核价（程序执行中不要上品） / 四区,13,4,30.77
591704289,591704289,武汉泽顺跟卖 / 巴西,20,6,30.00
591703220,591703220-PRETO,,20,6,30.00
649185320,649185320,,20,6,30.00
591702945,MLM4572209130,,10,3,30.00
610487773,610487773,武汉泽顺跟卖 / 墨西哥,10,3,30.00
449667721,449667721-ROJO,圆佑同步,44,13,29.55
605410398,MLM4520829636,武汉泽顺跟卖 / 墨西哥,21,6,28.57
605408662,605408662,,14,4,28.57
672911491,672911491,武汉泽顺跟卖 / 墨西哥,14,4,28.57
579023685,MLB4381778491,武汉泽顺跟卖 / 巴西,7,2,28.57
566963843,566963843,武汉泽顺跟卖 / 墨西哥,7,2,28.57
605411602,605411602,武汉泽顺跟卖 / 墨西哥,7,2,28.57
614688642,MLM2632580579,,7,2,28.57
605403898,605403898,武汉泽顺跟卖 / 巴西,7,2,28.57
615460896,615460896,武汉泽顺跟卖 / 巴西,7,2,28.57
615137884,615137884,,7,2,28.57
665222894,665222894,武汉泽顺跟卖 / 墨西哥,7,2,28.57
646582438,646582438,汪太和原创,7,2,28.57
579021739,MLB4053429605,武汉泽顺跟卖 / 巴西,25,7,28.00
570252963,570252963,,43,12,27.91
473130371,960034482014-US【】-POVA6-BLACK【16+1T】,黄羽飞原创,11,3,27.27
617870663,617870663,武汉泽顺跟卖 / 墨西哥,11,3,27.27
619286657,619286657,武汉泽顺跟卖 / 巴西,11,3,27.27
617312896,926195174887-USREGULATIONSUS[DOMESTICUSEORSALESPROHIBITED]-GOLDGOLD,圆佑同步,48,13,27.08
546029587,546029587,武汉泽顺跟卖 / 巴西,56,15,26.79
639518873,MLM4577044784,武汉泽顺跟卖 / 墨西哥,15,4,26.67
613731652,613731652,武汉泽顺跟卖 / 巴西,28,7,25.00
581356660,581356660,武汉泽顺跟卖 / 墨西哥,12,3,25.00
371598862,371598862,,12,3,25.00
617870695,MLM4654543556,武汉泽顺跟卖 / 墨西哥,12,3,25.00
451744611,451744611-ROJO,圆佑同步,8,2,25.00
475659683,475659683,,8,2,25.00
546031086,546031086-MARRÓN,,8,2,25.00
561658527,561658527,武汉泽顺跟卖 / 巴西,8,2,25.00
584730740,584730740,武汉泽顺跟卖 / 墨西哥,8,2,25.00
519605632,519605632,武汉泽顺跟卖 / 巴西,8,2,25.00
561661360,561661360,武汉泽顺跟卖 / 墨西哥,8,2,25.00
452580565,452580565,,8,2,25.00
477398283,477398283,,8,2,25.00
581358194,581358194-130+20,武汉泽顺跟卖 / 墨西哥,8,2,25.00
599874264,599874264,武汉泽顺跟卖 / 巴西,8,2,25.00
623137851,623137851-WITH18650BATTERY-GRAY-6500K4MODES,自动化核重核价（程序执行中不要上品） / 三区,8,2,25.00
653756055,653756055,,8,2,25.00
665224896,665224896,,8,2,25.00
449669285,449669285-VIOLETA,,4,1,25.00
558290104,MLM4345222848,武汉泽顺跟卖 / 巴西,4,1,25.00
523869814,523869814,武汉泽顺跟卖 / 巴西,4,1,25.00
535356511,535356511,武汉泽顺跟卖 / 巴西,4,1,25.00
549324275,549324275,武汉泽顺跟卖 / 墨西哥,4,1,25.00
542099593,542099593,武汉泽顺跟卖 / 墨西哥,4,1,25.00
546032359,546032359,武汉泽顺跟卖 / 巴西,4,1,25.00
570257605,570257605-TWICELOVELYSCUADRO,武汉泽顺跟卖 / 巴西,4,1,25.00
451745242,451745242-BLANCO,,4,1,25.00
512325533,512325533,武汉泽顺跟卖 / 墨西哥,4,1,25.00
542100265,542100265,武汉泽顺跟卖 / 墨西哥,4,1,25.00
502524010,502524010,武汉泽顺跟卖 / 墨西哥,4,1,25.00
561664274,561664274,武汉泽顺跟卖 / 巴西,4,1,25.00
508905730,508905730,,4,1,25.00
451745350,451745350-NEGRO,,4,1,25.00
517017946,517017946,汪太和原创,4,1,25.00
502524853,502524853,,4,1,25.00
561658055,561658055,武汉泽顺跟卖 / 巴西,4,1,25.00
579023077,579023077-ROSA,,4,1,25.00
477399279,477399279,,4,1,25.00
543603551,543603551,武汉泽顺跟卖 / 巴西,4,1,25.00
475659940,475659940,,4,1,25.00
485481511,485481511,,4,1,25.00
489147583,489147583,,4,1,25.00
509145159,509145159,武汉泽顺跟卖 / 墨西哥,4,1,25.00
354091541,MLM2923976122:Fix_Mochilas fix,,4,1,25.00
508925982,508925982,,4,1,25.00
462270071,462270071-1/43REDBULLRB20-11,,4,1,25.00
590510688,MLM4369862378,,4,1,25.00
437704864,437704864,,4,1,25.00
599428319,599428319,武汉泽顺跟卖 / 墨西哥,4,1,25.00
497231342,497231342,,4,1,25.00
579023712,579023712,武汉泽顺跟卖 / 巴西,4,1,25.00
584732376,584732376,武汉泽顺跟卖 / 墨西哥,4,1,25.00
512323237,512323237,,4,1,25.00
599427660,599427660,武汉泽顺跟卖 / 墨西哥,4,1,25.00
603694503,603694503,武汉泽顺跟卖 / 巴西,4,1,25.00
610489730,MLB6215291038,,4,1,25.00
605407226,605407226,武汉泽顺跟卖 / 墨西哥,4,1,25.00
475659101,475659101,,4,1,25.00
602927442,602927442,武汉泽顺跟卖 / 巴西,4,1,25.00
572648320,572648320,武汉泽顺跟卖 / 巴西,4,1,25.00
354044660,MLM2127687863:V8X_US,,4,1,25.00
613755066,613755066,武汉泽顺跟卖 / 墨西哥,4,1,25.00
491057684,491057684,,4,1,25.00
616622328,616622328,武汉泽顺跟卖 / 巴西,4,1,25.00
605411148,605411148,武汉泽顺跟卖 / 墨西哥,4,1,25.00
459176482,800365472076-PURPLE-SMALL,,4,1,25.00
479620064,479620064,,4,1,25.00
591698415,591698415,武汉泽顺跟卖 / 墨西哥,4,1,25.00
448242394,448242394,圆佑同步,4,1,25.00
561667374,561667374,武汉泽顺跟卖 / 巴西,4,1,25.00
605407960,605407960,武汉泽顺跟卖 / 墨西哥,4,1,25.00
617870329,617870329,武汉泽顺跟卖 / 墨西哥,4,1,25.00
425519246,425519246,,4,1,25.00
617614351,617614351,武汉泽顺跟卖 / 巴西,4,1,25.00
601687168,601687168-VERDE,武汉泽顺跟卖 / 墨西哥,4,1,25.00
614690315,614690315,武汉泽顺跟卖 / 墨西哥,4,1,25.00
603693231,603693231,武汉泽顺跟卖 / 巴西,4,1,25.00
619285998,619285998,武汉泽顺跟卖 / 巴西,4,1,25.00
623144943,623144943,,4,1,25.00
613737412,613737412,武汉泽顺跟卖 / 巴西,4,1,25.00
639725570,639725570,武汉泽顺跟卖 / 巴西,4,1,25.00
652405147,652405147,武汉泽顺跟卖核价 / 百分之130上架,4,1,25.00
665223441,665223441,武汉泽顺跟卖 / 墨西哥,4,1,25.00
660699893,660699893,武汉泽顺跟卖 / 墨西哥,4,1,25.00
623147762,623147762,,4,1,25.00
623120681,623120681,,4,1,25.00
378406356,378406356,,4,1,25.00
665223281,MLM5035082376,武汉泽顺跟卖 / 墨西哥,4,1,25.00
617784419,617784419,武汉泽顺跟卖 / 巴西,4,1,25.00
623126396,623126396,武汉泽顺跟卖 / 巴西,4,1,25.00
672910256,672910256,武汉泽顺跟卖核价 / 百分之130上架,4,1,25.00
665221836,665221836,武汉泽顺跟卖核价 / 百分之130上架,4,1,25.00
688870012,MLM2838123239,,4,1,25.00
643014704,643014704,武汉泽顺跟卖 / 巴西,4,1,25.00
623153715,623153715,武汉泽顺跟卖 / 巴西,4,1,25.00
646582310,MLM4844677748,武汉泽顺跟卖核价 / 百分之130上架,4,1,25.00
665223544,665223544,武汉泽顺跟卖 / 墨西哥,4,1,25.00
652407913,652407913,,4,1,25.00
665220957,665220957-【5GWIFIEUROPEANSTANDARD】YOUKEWEIHOMESECURITYTOWELLWITHOUTMEMORYCARD,武汉泽顺跟卖 / 墨西哥,4,1,25.00
665223517,665223517,武汉泽顺跟卖 / 墨西哥,13,3,23.08
530028471,530028471,武汉泽顺跟卖 / 巴西,31,7,22.58
546024043,546024043,武汉泽顺跟卖 / 墨西哥,9,2,22.22
477403005,477403005,,9,2,22.22
584730786,584730786,武汉泽顺跟卖 / 墨西哥,9,2,22.22
591704084,MLB5728556478:Anime Maomao cosplay costume_M,自动化核重核价（程序执行中不要上品） / 二区,9,2,22.22
584727125,584727125,武汉泽顺跟卖 / 巴西,9,2,22.22
601686406,601686406,武汉泽顺跟卖 / 墨西哥,9,2,22.22
602929754,602929754,武汉泽顺跟卖 / 巴西,9,2,22.22
614427032,MLM4364315046,,9,2,22.22
616623998,616623998,武汉泽顺跟卖 / 墨西哥,9,2,22.22
613738082,613738082,武汉泽顺跟卖 / 巴西,9,2,22.22
613083012,613083012,武汉泽顺跟卖 / 墨西哥,9,2,22.22
623147793,623147793,武汉泽顺跟卖 / 墨西哥,9,2,22.22
694425812,694425812,武汉泽顺跟卖,9,2,22.22
485484780,485484780-ONESIE+BAG-190CM,,32,7,21.88
610487633,610487633,武汉泽顺跟卖 / 墨西哥,23,5,21.74
570253159,570253159,武汉泽顺跟卖 / 墨西哥,14,3,21.43
584725877,584725877,武汉泽顺跟卖 / 巴西,14,3,21.43
491056859,491056859-VIOLETAOSCURO-POWCAN,,47,10,21.28
530036847,530036847,武汉泽顺跟卖 / 墨西哥,137,29,21.17
617870340,617870340,武汉泽顺跟卖 / 墨西哥,38,8,21.05
475659986,475659986,,19,4,21.05
535353690,535353690,武汉泽顺跟卖 / 巴西,19,4,21.05
605406758,605406758,武汉泽顺跟卖 / 墨西哥,24,5,20.83
